title,form,collaborators,year_written,year_published,magazine
the_alchemist,short story,,1908,1916,the united amateur
a_reminiscence_of_dr_samuel_johnson,short story,,1917,1917,the united amateur
dagon,short story,,1917,1919,the vagrant
beyond_the_wall_of_sleep,short story,,1919,1919,pine cones
the_white_ship,short story,,1919,1919,the united amateur
the_beast_in_the_cave,,,,1919,the vagrant
the_doom_that_came_to_sarnath,short story,,1919,1920,the scot
polaris,short story,,1918,1920,the philosopher
the_street,short story,,1919,1920,the wolverine
the_cats_of_ulthar,short story,,1920,1920,the tryout
poetry_and_the_gods,,anna helen crofts,1920,1920,the united amateur
nyarlathotep,short story,,1920,1920,the united amateur
the_statement_of_randolph_carter,short story,,1919,1920,the vagrant
the_tree,short story,,1920,1921,the tryout
the_crawling_chaos,,winifred v. jackson,1920,1921,the united co-operative
the_picture_in_the_house,short story,,1920,1921,the national amateur
the_nameless_city,short story,,1921,1921,the wolverine
the_terrible_old_man,short story,,1920,1921,the tryout
facts_concerning_the_late_arthur_jermyn_and_his_family,short story,,1920,1921,the wolverine
ex_oblivione,short story,,1920,1921,the united amateur
till_a_the_seas,,,,1921,the californian
the_music_of_erich_zann,short story,,1921,1922,the national amateur
the_tomb,short story,,1917,1922,the vagrant
celephaïs,short story,,1920,1922,the rainbow
herbert_westreanimator,short story,,1921,1922,home brew
under_the_pyramids,,,,1922,weird tales
what_the_moon_brings,short story,,1922,1923,the national amateur
hypnos,short story,,1922,1923,the national amateur
the_horror_at_martins_beach,,sonia greene,1922,1923,weird tales
the_lurking_fear,short story,,1922,1923,home brew
memory,flash fiction,,1919,1923,the united co-operative
the_hound,short story,,1922,1924,weird tales
the_mystery_of_the_graveyard,,,,1924,the shuttered room and other pieces
the_ghosteater,,c. m. eddy jr.,,1924,weird tales
ashes,,c. m. eddy jr.,1923,1924,weird tales
the_loved_dead,,c. m. eddy jr.,1919,1924,weird tales
the_rats_in_the_walls,short story,,1923,1924,weird tales
deaf_dumb_and_blind,,c. m. eddy jr.,,1925,weird tales
the_temple,short story,,1920,1925,weird tales
the_festival,short story,,1923,1925,weird tales
the_unnamable,short story,,1923,1925,weird tales
the_werewolf_of_ponkert,,h. warner munn,1924,1925,
in_the_vault,short story,,1925,1925,the tryout
he,short story,,1925,1926,weird tales
the_moonbog,short story,,1921,1926,weird tales
the_outsider,short story,,1921,1926,weird tales
the_colour_out_of_space,short story,,1927,1927,amazing stories
two_black_bottles,,wilfred blanch talman,1926,1927,weird tales
the_red_brain,,donald wandrei,1924,1927,
the_horror_at_red_hook,short story,,1925,1927,weird tales
pickmans_model,short story,,1926,1927,weird tales
the_green_meadow,,winifred v. jackson,1918,1927,the vagrant
the_last_test,,adolphe de castro,1927,1928,weird tales
the_call_of_cthulhu,short story,,1926,1928,weird tales
cool_air,short story,,1926,1928,tales of magic and mystery
the_dunwich_horror,novella,,1928,1929,weird tales
the_silver_key,short story,,1926,1929,weird tales
the_curse_of_yig,,zealia bishop,1928,1929,weird tales
the_electric_executioner,,adolphe de castro,1929,1930,weird tales
the_strange_high_house_in_the_mist,short story,,1926,1931,weird tales
the_whisperer_in_darkness,novella,,1930,1931,weird tales
the_trap,,henry s. whitehead,1931,1932,strange tales of mystery and terror
the_man_of_stone,,hazel heald,1932,1932,wonder stories
the_hoard_of_the_wizardbeast,,r. h. barlow,1933,1933,the hoard of the wizard-beast and one other
the_other_gods,short story,,1921,1933,the fantasy fan
the_dreams_in_the_witch_house,short story,,1932,1933,weird tales
the_horror_in_the_museum,,hazel heald,1932,1933,weird tales
the_slaying_of_the_monster,,r. h. barlow,1933,1933,the hoard of the wizard-beast and one other
the_sorcery_of_aphlar,,duane w. rimel,1934,1934,
winged_death,,hazel heald,1932,1934,weird tales
from_beyond,short story,,1920,1934,the fantasy fan
through_the_gates_of_the_silver_key,,edgar hoffmann price,1932,1934,weird tales
the_little_glass_bottle,,,,1934,the shuttered room and other pieces
the_battle_that_ended_the_century,,r. h. barlow,1934,1934,the battle that ended the century
the_quest_of_iranon,short story,,1921,1935,the galleon
out_of_the_aeons,,hazel heald,1933,1935,weird tales
the_challenge_from_beyond,,c.l. moore; a. merritt; robert e. howard; frank belknap long,1935,1935,fantasy magazine
the_haunter_of_the_dark,short story,,1935,1936,weird tales
at_the_mountains_of_madness,novella,,1931,1936,astounding stories
the_shadow_out_of_time,novella,,1934,1936,astounding stories
the_shadow_over_innsmouth,novella,,1931,1936,the shadow over innsmouth
the_shunned_house,short story,,1924,1937,the shunned house
the_thing_on_the_doorstep,short story,,1933,1937,weird tales
the_horror_in_the_buryingground,,hazel heald,1933,1937,weird tales
the_disinterment,,duane w. rimel,1935,1937,weird tales
history_of_the_necronomicon,brief pseudo-history,,1927,1938,a history of the necronomicon
azathoth,fragment,,1922,1938,leaves
the_descendant,fragment,,1927,1938,leaves
ibid,short story,,1928,1938,the o-wash-ta-nong
collapsing_cosmoses,,r. h. barlow,1935,1938,leaves
the_diary_of_alonzo_typer,,william lumley,1935,1938,weird tales
the_book,fragment,,1933,1938,leaves
medusas_coil,,zealia bishop,1930,1939,weird tales
the_evil_clergyman,letter excerpt,,1933,1939,weird tales
in_the_walls_of_eryx,,kenneth sterling,1936,1939,weird tales
the_night_ocean,,r. h. barlow,1936,1939,the californian
the_tree_on_the_hill,,duane w. rimel,1934,1940,polaris
the_mound,,zealia bishop,1929,1940,weird tales
the_very_old_folk,letter excerpt,,1927,1940,scienti-snaps
the_thing_in_the_moonlight,,j. chapman miske,1927,1941,bizarre
the_case_of_charles_dexter_ward,novel,,1927,1941,weird tales
sweet_ermengarde,short story,,1919,1943,beyond the wall of sleep
the_dreamquest_of_unknown_kadath,novella,,1926,1943,beyond the wall of sleep
the_transition_of_juan_romero,short story,,1919,1944,marginalia
four_oclock,,sonia greene,1922,1949,
the_secret_cave,,,,1949,the shuttered room and other pieces
satans_servants,,robert bloch,1935,1949,
old_bugs,short story,,1919,1959,the shuttered room and other pieces
