id,Title,Date written,Date published,Form
1,The Alchemist,1908,Nov 1916,Short story
2,The Tomb,Jun 1917,Mar 1922,Short story
3,Dagon,Jul 1917,Nov 1919,Short story
4,A Reminiscence of Dr. Samuel Johnson,Sum-early Fall 1917,Sep 1917,Short story
5,Polaris,Spr-Sum 1918,Dec 1920,Short story
6,Beyond the Wall of Sleep,Spr 1919,Oct 1919,Short story
7,Memory,Spr 1919,May 1923,Flash fiction
8,Old Bugs,c. Jul 1919,1959,Short story
9,The Transition of Juan Romero,16 September 1919,1944,Short story
10,The White Ship,c. Oct 1919,Nov 1919,Short story
11,The Doom that Came to Sarnath,3 December 1919,Jun 1920,Short story
12,The Statement of Randolph Carter,Dec 1919,May 1920,Short story
13,The Street,late 1919,Dec 1920,Short story
14,The Terrible Old Man,28 January 1920,Jul 1921,Short story
15,The Cats of Ulthar,15 June 1920,Nov 1920,Short story
16,The Tree,Jan-Jun 1920,Oct 1921,Short story
17,Celephaïs,early Nov 1920,May 1922,Short story
18,From Beyond,16 November 1920,Jun 1934,Short story
19,The Temple,c. Jun-Nov 1920,Sep 1925,Short story
20,Nyarlathotep,c. Nov 1920,Nov 1920,Short story
21,The Picture in the House,12 December 1920,Sum 1921,Short story
22,Facts Concerning the Late Arthur Jermyn and His Family,Fall 1920,Mar & Jun 1921,Short story
23,The Nameless City,Jan 1921,Nov 1921,Short story
24,The Quest of Iranon,28 February 1921,Jul-Aug 1935,Short story
25,The Moon-Bog,March 10 1921,Jun 1926,Short story
26,Ex Oblivione,1920 – Mar 1921,Mar 1921,Short story
27,The Other Gods,14 August 1921,Nov 1933,Short story
28,The Outsider,Spr-Sum 1921,Apr 1926,Short story
29,The Music of Erich Zann,Dec 1921,Mar 1922,Short story
30,Sweet Ermengarde,c. 1919–21?,1943,Short story
31,Hypnos,Mar 1922,May 1923,Short story
32,What the Moon Brings,5 June 1922,May 1923,Short story
33,Azathoth,Fragment Jun 1922,Jun 1938,Fragment
34,Herbert West–Reanimator,Oct 1921 – Jun 1922,Feb-Jul 1922,Short story
35,The Hound,Oct 1922,Feb 1924,Short story
36,The Lurking Fear,Nov 1922,Jan-Apr 1923,Short story
37,The Rats in the Walls,Aug-Sep 1923,Mar 1924,Short story
38,The Unnamable,Sep 1923,Jul 1925,Short story
39,The Festival,Oct 1923,Jan 1925,Short story
40,The Shunned House,Oct 1924,Oct 1937,Short story
41,The Horror at Red Hook,1-2 Aug 1925,Jan 1927,Short story
42,He,11 August 1925,Sep 1926,Short story
43,In the Vault,18 September 1925,Nov 1925,Short story
44,Cool Air,Feb 1926,Mar 1928,Short story
45,The Call of Cthulhu,Aug-Sep 1926,Feb 1928,Short story
46,Pickman's Model,Sep 1926,Oct 1927,Short story
47,The Strange High House in the Mist,9 November 1926,Oct 1931,Short story
48,The Silver Key,Nov 1926,Jan 1929,Short story
49,The Dream-Quest of Unknown Kadath,Oct 1926-22 Jan 1927,1943,Novella
50,The Case of Charles Dexter Ward,Jan-Mar 1927,May & Jul 1941,Novel
51,The Colour Out of Space,Mar 1927,Sep 1927,Short story
52,The Descendant,Fragment early 1927,1938,Fragment
53,The Very Old Folk,3 November 1927,Sum 1940,Letter excerpt
54,History of the Necronomicon,Fall 1927,1938,Brief pseudo-history
55,The Dunwich Horror,Aug 1928,Apr 1929,Novella
56,Ibid,Sum 1928,Jan 1938,Short story
57,The Whisperer in Darkness,24 Feb-Sep 26 1930,Aug 1931,Novella
58,At the Mountains of Madness,24 Feb-Mar 22 1931,Feb-Apr 1936,Novella
59,The Shadow over Innsmouth,Nov-Dec 1931,Apr 1936,Novella
60,The Dreams in the Witch House,Feb 1932,Jul 1933,Short story
61,The Thing on the Doorstep,21-24 Aug 1933,Jan 1937,Short story
62,The Book,Fragment c. Oct 1933,1938,Fragment
63,The Evil Clergyman,Fall 1933,Apr 1939,Letter excerpt
64,The Shadow Out of Time,10 Nov 1934-22 Feb 1935,Jun 1936,Novella
65,The Haunter of the Dark,5-9 Nov 1935,Dec 1936,Short story
